,0,1,2,3,4,5,6,7,8,9,10,11,12,13,14,15,16,17,18,19,20,21,22
1,5.620550962,1,2345,3,0,1,12,1,11,2,0,0,0,0,3,0,10281,41,6529545108,2409,46,47,85406535492
1,5.809898453,1,2453,5,0,3,2,3,3,2,0,41,26,0,3,0,10041,38,6347686788,2619,27,28,87455901474
1,5.378125695,1,2219,0,0,0,0,0,0,0,0,0,0,0,3,0,8320,26,5286247564,2371,30,32,79783665434
2,10.439848266,1,2152,0,1,0,0,0,0,1,0,1,0,0,9,0,8808,30,5322056099,2113,28,28,75592787982
3,16.353145278,1,2675,0,5,0,12,0,0,2,0,0,0,0,0,0,9768,42,6082980758,2733,47,45,89220068560
4,22.058123415,1,2269,7,0,2,12,2,10,2,0,0,0,0,0,0,8909,37,5449965153,2213,40,42,84926810464
5,26.930215245,1,2027,7,6,4,105,4,10,0,0,0,0,0,0,0,8165,36,4987349662,2100,49,48,72818090020
6,32.31808809,1,2283,7,0,4,105,4,10,1,0,1,0,0,0,0,8774,28,5404655773,2217,33,33,80733087248
7,37.942089001,1,2314,18,0,8,5,7,105,1,0,0,0,0,0,0,9378,33,5667640693,2318,33,34,83918280630
8,44.834163407,1,3148,18,1,6,20,5,105,2,0,0,0,0,0,0,11782,42,7477270102,3249,46,46,105146042786
9,52.469363506,1,3101,18,0,6,49,5,105,0,0,0,0,0,0,0,11478,44,7019675440,2930,51,50,112828177422
10,57.459992809,1,2099,0,0,0,34,0,3,1,0,1,0,0,0,0,8398,41,5143824303,2101,41,38,75406005042
11,63.193978088,1,2284,0,0,0,9,0,18,2,0,0,0,0,0,0,8790,29,5547440549,2326,34,35,85036621162
12,68.481298579,1,2204,0,0,0,9,0,18,1,0,0,0,0,0,0,8420,30,5088232479,2157,47,48,79296205630
13,73.539670366,1,2101,14,3,4,3,2,50,1,0,0,0,0,0,0,9054,36,5593765739,2273,31,30,76374319712
14,79.529822278,1,2418,14,1,4,7,2,35,2,0,1,0,0,0,0,8412,24,5273290144,2216,47,49,89146045172
15,86.133486321,1,2799,14,6,4,23,2,35,1,0,0,0,0,0,0,10954,30,6704318975,2815,49,50,98550964638
16,91.511643306,1,2061,0,0,0,28,0,20,1,0,1,0,0,0,0,9779,30,6018918836,2308,47,45,80541080796
17,97.773920263,1,2650,2,0,2,12,2,20,2,0,0,0,0,0,0,8722,30,5416763532,2374,34,36,93764264632
18,103.25200921,1,2565,2,0,2,3,2,20,1,0,0,0,0,0,0,10072,36,6123174137,2732,45,44,82238953696
19,108.435627508,1,2015,4,0,4,8,4,3,0,0,0,0,0,0,0,8720,34,5315180757,1868,28,27,77573184090
20,113.833900179,1,2245,5,0,2,8,3,4,2,0,1,0,0,0,0,8369,28,5228868910,2422,36,38,81059032860
21,120.365798259,1,2803,7,1,3,7,3,20,1,0,0,0,0,0,0,11254,36,6855926852,2857,50,48,97642632170
22,127.657787858,1,3106,5,0,1,7,1,20,1,0,0,0,0,0,0,10737,38,6785328829,2974,49,49,109625787930
23,133.071524673,1,2184,2,3,1,12,0,19,0,0,0,0,0,0,0,8745,38,5417805344,2199,46,48,81693602808
24,140.096861764,1,2716,0,0,0,12,0,12,3,0,1,0,0,0,0,11827,49,7208041344,2769,35,35,104192924314
25,146.406980935,1,2674,0,6,0,16,0,11,0,0,0,0,0,0,0,9713,39,6216104290,2611,53,52,94439414664
26,153.229758859,1,2736,0,0,0,16,0,11,1,0,0,0,0,0,0,10871,35,6863815132,2760,35,35,102242652782
27,159.125470393,1,2620,2,1,0,23,2,4,0,0,1,0,0,0,0,9179,34,5757416621,2480,40,41,89237231052
28,164.68571542,1,2166,2,0,2,23,2,8,1,0,0,0,0,0,0,9077,35,5706839715,2199,40,40,83964030310
29,170.826789636,1,2435,2,0,2,36,2,8,1,0,0,0,0,0,0,9876,40,5966372573,2578,37,36,90318816056
30,176.633938516,1,2514,8,0,6,36,4,9,1,0,0,0,0,0,0,9612,27,5980858270,2609,42,39,87552052554
31,183.013674247,1,2695,8,0,4,7,4,8,3,0,1,0,0,0,0,10063,42,6161932614,2460,41,43,94999290464
32,188.831483423,1,2403,8,3,4,8,4,8,1,0,0,0,0,0,0,9971,41,6245606720,2523,42,44,87221080286
33,194.521877576,1,2406,0,0,0,6,0,5,1,0,0,0,0,1,0,9178,38,5611871930,2365,53,53,87902734728
34,200.375202258,1,2572,0,1,0,7,0,15,1,0,1,0,0,0,0,9994,30,6247122026,2653,37,35,86243029944
35,207.741494615,1,2849,0,6,0,9,0,15,1,0,0,0,0,0,0,10886,37,6738534941,2782,47,49,109227996822
36,213.661488849,1,2462,0,0,0,7,0,15,1,0,0,0,0,0,0,9095,32,5735479758,2464,34,30,88367463810
37,219.974755567,1,2771,8,0,3,3,2,15,1,0,4,4,0,0,0,10808,32,6657134680,2765,46,49,94306230066
38,225.977401048,1,2458,8,0,3,3,2,15,5,0,1,0,0,0,0,9840,34,6113380167,2484,42,41,91390807964
39,232.785486154,1,2739,10,1,5,10,4,17,0,0,0,0,0,0,0,9956,38,6266095026,2576,41,42,100688439846
40,237.974968463,1,2156,4,0,2,10,2,22,1,0,0,0,0,0,0,8952,30,5855691644,2451,50,50,77998287012
41,244.629511475,1,2938,6,0,2,20,2,23,0,0,0,0,0,0,0,9860,41,6326453824,2748,54,51,101131101714
42,250.353304042,1,2315,4,0,2,29,2,30,2,0,1,0,0,0,0,9319,42,5761146699,2269,39,43,84419824826
43,256.071147046,1,2246,16,0,6,15,4,37,0,0,0,0,0,0,0,9589,30,5781728129,2279,29,29,84961409486
44,261.533106032,1,2458,14,3,6,11,4,36,3,0,0,0,0,0,0,9580,41,6102953017,2820,35,32,82532064322
45,267.873248034,1,2739,14,7,4,25,2,27,2,0,1,0,0,0,0,10163,39,6269976090,2652,57,57,97634379732
46,274.79122837,1,2715,3,0,1,21,1,7,1,0,0,0,0,0,0,10453,37,6445436248,2589,59,59,100469011150
47,280.279042785,1,2174,5,0,1,6,1,9,1,0,0,0,0,0,0,8694,31,5405632635,2100,31,33,81810153588
48,287.076392409,1,2803,5,0,3,9,3,9,1,0,1,0,0,0,0,10710,46,6766706466,2939,41,42,102668103202
49,293.493312435,1,2697,2,0,2,29,2,5,1,0,1,0,0,0,0,10046,41,6211611179,2476,47,46,95832757116
50,300.629192138,1,2773,0,0,2,29,2,8,2,0,1,0,0,0,0,11740,64,7325918575,2838,55,56,106260439908
51,307.853104847,1,3125,8,1,4,9,4,8,2,0,1,0,0,0,0,11205,42,7080549306,3114,44,43,108764837202
52,313.134530022,1,2192,8,0,4,5,4,15,2,0,0,0,0,0,0,9053,31,5432194342,2285,34,34,79115601560
53,318.421223155,1,2550,8,0,4,22,4,10,1,0,0,0,0,0,0,9722,19,5966469271,2607,39,38,80373204284
54,326.705096095,1,3484,0,6,0,22,0,10,1,0,1,0,0,0,6,12679,45,7956967262,3334,52,54,124302595362
55,332.561262032,1,2304,0,3,0,11,0,2,1,0,0,0,0,0,0,9250,32,5569790195,2438,45,43,85868092662
56,337.905902359,1,2054,0,0,0,11,0,2,1,0,0,0,0,0,0,7462,32,4827294165,1824,25,27,80527690246
57,342.866897647,1,2163,0,1,0,6,0,2,3,0,1,0,0,0,0,9077,24,5443367504,2230,32,29,74193121414
58,349.36506443,1,2695,2,0,2,6,2,10,1,0,1,0,0,0,0,9893,39,6070094197,2708,37,40,96762490942
59,355.642132832,1,2692,2,0,2,10,2,10,2,0,0,0,0,0,1,11870,44,7006124196,2840,38,35,94659630122
60,362.95881711,1,3049,2,0,2,10,2,10,4,0,1,0,0,0,0,11127,48,7300772681,3051,40,42,109380774608
61,370.222744131,1,3001,2,0,0,6,0,18,0,0,0,0,0,0,0,10985,40,6942748486,2927,43,43,108370386714
62,376.492994243,1,2685,2,1,0,6,0,25,2,0,0,0,0,0,0,9701,25,5900702589,2537,42,38,94250289106
63,381.534765338,1,1975,2,3,0,24,0,27,1,0,0,0,0,0,0,8150,29,5129186477,1989,39,43,75210955672
64,386.372979031,1,1868,0,6,0,24,0,12,0,0,1,0,0,0,0,8083,42,4936334749,1928,30,24,72704994146
65,391.928917961,1,2369,0,0,0,36,0,10,2,0,0,0,0,0,0,9048,34,5626165287,2458,44,49,83370605954
66,397.870466019,1,2475,0,0,0,36,0,17,0,0,0,0,0,0,0,10754,47,6710723051,2744,44,46,88737261548
67,403.820890727,1,2437,10,0,3,12,2,24,1,0,0,0,0,0,0,7476,27,4519532053,1919,27,24,89121089006
68,408.796874062,1,2136,10,0,3,12,2,22,1,0,1,0,0,0,0,9308,32,5646290869,2338,25,27,74862324198
69,414.910767475,1,2602,12,1,5,28,4,15,2,0,0,0,0,0,0,11239,40,6897815051,2823,51,50,91215381040
70,422.115166647,1,3318,3,0,3,28,3,8,0,0,0,0,0,0,0,10801,37,6734451911,3040,42,43,109681594244
71,429.256796942,1,2925,13,0,9,8,9,9,2,0,1,0,0,0,0,10998,42,6728075823,3092,37,36,105268794858
72,434.916798723,1,2445,11,3,7,8,7,15,3,0,1,0,0,0,0,8861,28,5499563265,2184,39,40,84699931024
73,441.137059557,1,2481,24,0,10,11,8,38,1,0,0,0,0,0,0,9993,35,6155082889,2587,50,51,93474267102
74,446.306642261,1,2250,14,8,4,11,2,34,3,0,0,0,0,0,0,8674,27,5395417383,2191,45,44,76996552514
75,451.959806553,1,2395,14,0,4,11,2,31,0,0,1,0,0,0,0,9050,40,5516006981,2414,42,41,85024268752
76,457.260763443,1,2280,0,0,0,16,0,8,1,0,0,0,0,0,0,8866,25,5402745246,2309,33,35,78946743402
77,462.731299434,1,2243,0,0,0,26,0,8,1,0,0,0,0,0,0,8899,37,5540828529,2217,36,35,82053575394
78,468.729142046,1,2301,0,0,0,21,0,8,1,0,0,0,0,0,0,9527,34,6026004253,2271,32,32,89656073510
79,474.523537573,1,2590,2,0,2,13,2,9,3,0,1,0,0,0,0,10121,36,6212348741,2787,39,40,86934033430
80,480.169881177,1,2459,4,0,2,13,2,22,3,0,0,0,0,0,0,10010,23,6159155866,2659,38,34,87511533758
81,487.400633878,1,3002,4,1,2,3,2,17,0,0,0,0,0,0,0,11467,41,7097719192,2951,42,43,105633688910
82,494.071671656,1,3076,2,0,0,4,0,24,1,0,1,0,0,0,0,10277,32,6254076878,2940,41,43,99581389194
83,501.010676667,1,2788,0,3,0,15,0,11,3,0,1,0,0,0,0,10315,36,6477710320,2653,56,55,103911059178
84,507.176559615,1,2586,0,6,0,14,0,11,0,0,0,0,0,0,0,10919,48,6773037945,2699,50,51,93377888512
85,514.279607932,1,2857,0,0,0,5,0,3,1,0,0,0,0,0,0,10804,41,6689229997,2705,43,43,106713068350
86,520.000422205,1,2329,0,1,0,5,0,3,1,0,1,0,0,0,0,9462,29,5950921925,2530,38,39,84575203302
87,526.619560923,1,2737,3,0,1,20,1,4,2,0,0,0,0,0,0,10156,40,6325059066,2538,44,38,99099227090
88,533.74619722,1,2989,3,0,1,20,1,10,1,0,0,0,0,0,0,12379,42,7937739654,3355,64,61,107610028246
89,540.332443828,1,2737,3,0,1,40,1,10,3,0,1,0,0,0,0,8360,25,5474548138,2330,48,54,97779232714
90,545.296408524,1,2047,0,3,0,49,0,9,2,0,0,0,0,0,0,7723,29,4823942909,2013,38,36,74433804132
91,550.536623256,1,2266,2,0,2,12,2,5,0,0,0,0,0,0,0,9376,28,5578675605,2332,39,44,80122398126
92,557.383032244,1,2881,2,1,2,3,2,5,2,0,0,0,0,0,0,11028,47,7089272015,2928,46,41,102938306014
93,563.172305338,1,2459,19,0,4,9,9,29,1,0,1,0,0,0,0,9653,21,5887315858,2450,29,33,84777812968
94,569.883393192,1,2784,17,6,8,9,7,31,2,0,0,0,0,0,0,10421,54,6549246147,2658,60,61,100770564042
95,576.105970327,1,2493,17,0,8,5,7,31,1,0,0,0,0,0,0,11385,23,6273196636,2693,45,43,92461104690
96,582.576255905,1,2645,0,0,6,5,0,26,4,0,1,0,0,0,0,9008,53,6507122466,2580,38,40,96788942732
97,589.428240738,1,2702,1,1,0,12,2,22,0,0,0,0,0,0,0,10044,43,6181723232,2580,47,47,102445202588
98,594.783677622,1,2249,3,0,0,12,2,35,0,0,0,0,0,0,0,9271,36,5691775943,2327,36,35,80565654014
99,600.70834081,1,2480,3,0,0,9,2,16,1,0,0,0,0,0,0,9530,32,5752451113,2371,33,31,88693533820
100,605.706969812,1,2143,3,0,0,23,0,25,1,0,1,0,0,0,0,9482,26,5863790672,2538,32,30,75062068704
101,612.604684103,1,2802,3,3,3,34,3,12,1,0,0,0,0,0,0,9687,33,6235387465,2559,47,49,102792724438
102,618.88013065,1,2664,17,0,3,21,5,36,0,0,0,0,0,0,0,9548,38,5832582696,2539,40,41,94180227686
103,623.967172637,1,2116,16,1,7,8,5,27,1,0,0,0,0,0,0,9332,36,5779549144,2291,39,38,76884873296
104,630.796284133,1,2849,14,6,4,7,2,27,2,0,1,0,0,0,0,11461,36,6954109968,2949,58,61,101764901972
105,636.216065578,1,2367,0,0,4,5,0,3,2,0,0,0,0,0,0,8174,19,5041362626,2284,33,32,81113953310
106,642.620110249,1,2669,0,0,0,6,0,6,1,0,0,0,0,0,0,11702,44,7158931374,2997,41,42,95730530588
107,649.64186145,1,2784,0,0,0,31,0,6,2,0,1,0,0,0,6,9243,37,5982690707,2335,33,32,105527897982
108,655.270691746,1,2251,0,0,0,43,0,11,2,0,0,0,0,0,0,10146,48,6344509918,2435,48,47,84646693750
109,660.627053115,1,2218,3,0,1,20,1,8,0,0,0,0,0,0,0,8171,22,4995407427,2148,28,28,79925567542
110,665.813648557,1,2381,3,3,1,7,1,11,1,0,0,0,0,0,0,8871,29,5413503631,2347,41,43,77100739042
111,672.465943983,1,2844,3,3,1,5,1,6,2,0,1,0,0,0,0,10749,34,6505838362,2859,61,59,101915943912
112,677.280221173,1,2034,2,0,2,22,2,18,4,0,0,0,0,0,0,7306,26,4531205276,1994,40,40,70946115596
113,682.546749624,1,2246,2,0,2,28,2,15,0,0,0,0,0,0,0,9006,22,5441291172,2135,26,28,80434111282
114,687.769555354,1,2163,12,6,8,11,8,24,2,0,0,0,0,0,0,8744,29,5384816802,2269,48,48,76378912732
115,693.498010046,1,2159,12,1,6,7,6,26,2,63,1,0,0,0,0,9053,37,5521393804,2129,33,33,84993433414
116,699.455847078,1,2433,12,0,6,12,6,26,2,0,0,0,0,0,0,10003,33,6230359264,2551,46,45,89390446440
117,705.615416063,1,2562,2,0,0,8,0,17,1,0,0,0,0,0,0,9036,35,5778606721,2450,39,38,92460025594
118,711.177077173,1,2208,0,0,0,8,0,12,1,0,0,0,0,0,0,9322,34,5866168464,2341,37,39,83046996844
119,716.487768187,1,2228,0,0,0,13,0,12,1,0,1,0,0,0,0,8759,27,5345658508,2168,38,38,79815350572
120,722.48011849,1,2404,0,3,0,13,0,12,2,0,0,0,0,0,0,9124,38,5695732463,2310,52,52,89540130356
121,728.703830673,1,2626,0,1,0,13,0,2,1,0,0,0,0,0,0,10215,43,6375634415,2796,37,35,93134558382
122,733.771763992,1,2190,0,0,0,8,0,2,1,0,1,0,0,0,0,8678,26,5268775001,2193,39,40,76177628002
123,740.117578745,1,2643,2,0,2,24,2,4,2,0,0,0,0,0,0,10863,34,6750039750,2601,41,42,94992398468
124,745.709596023,1,2368,2,6,2,24,2,14,2,0,0,0,0,0,0,8203,36,4847986310,2149,39,39,83758927670
125,751.635901738,1,2568,2,0,2,22,2,14,1,0,0,0,0,0,0,10582,41,6649695223,2955,62,62,88572569858
126,757.745496139,1,2602,0,0,0,22,0,12,1,0,1,0,0,0,0,9021,31,5561854789,2348,32,32,91818910766
127,762.927753583,1,2081,0,1,0,26,0,2,3,0,0,0,0,0,0,9230,34,5710654365,2300,43,40,78189311774
128,768.989390714,1,2428,0,0,0,26,0,4,3,0,0,0,0,0,0,8305,28,5104570298,2184,30,32,90087006616
129,774.661697309,1,2546,0,0,0,10,0,4,0,0,0,0,0,0,0,9671,29,5961567127,2618,40,38,85362259464
130,779.365341244,1,2086,10,3,3,10,2,26,3,0,1,0,0,0,0,8330,22,5004332440,2056,30,30,70272102898
131,784.991424246,1,2268,10,0,3,6,2,24,1,0,0,0,0,0,0,8126,33,5132205700,2154,48,51,83854323480
132,791.349298595,1,2526,24,0,4,9,4,48,2,0,0,0,0,0,0,11471,46,7062792112,2767,53,52,95406606386
133,798.011558693,1,2788,19,0,5,8,3,41,1,0,0,0,0,0,0,9453,30,5886776129,2605,43,43,100259949758
134,803.103501275,1,2015,19,7,7,5,5,41,2,0,1,0,0,0,0,9932,40,6262132425,2320,43,41,76304508518
135,809.889193294,1,2541,5,0,6,7,3,26,2,0,0,0,0,0,0,9832,40,6256107362,2353,51,54,100616623854
136,816.629325421,1,2844,10,0,8,21,8,15,1,0,1,0,0,0,0,11062,44,6840974456,2959,66,63,101015557740
137,823.391440683,1,2876,10,0,6,28,6,15,5,0,1,0,0,0,0,9473,31,6122498314,2648,52,55,101773161704
138,829.178285934,1,2698,10,0,6,14,6,6,2,0,1,0,0,0,0,9711,24,6127676967,2778,60,60,86821976240
139,834.907463682,1,2456,0,1,0,3,0,7,3,0,0,0,0,0,0,9520,28,5888095885,2601,42,42,85767320746
140,842.053075374,1,3169,0,3,0,8,0,7,2,0,0,0,0,0,0,12099,45,7529705899,3153,54,52,107800159144
141,848.247881427,1,2490,0,0,0,15,0,7,3,0,0,0,0,0,0,8726,27,5287765980,2337,51,49,91479200840
142,854.093440458,1,2563,4,0,4,12,4,7,3,0,1,0,0,0,0,10854,35,6704987108,2738,49,53,88165230178
143,860.759216513,1,2568,4,0,4,21,4,7,2,0,1,0,0,0,0,10467,34,6604600134,2612,44,42,99633328492
144,867.138999555,1,2652,6,6,6,19,6,14,3,0,0,0,0,0,0,9593,50,6062694623,2651,68,61,95061391356
145,873.157699185,1,2525,2,1,2,10,2,12,1,0,0,0,0,0,0,8914,34,5529257315,2209,42,51,90143539790
146,878.927276967,1,2393,2,0,2,10,2,12,2,0,1,0,0,0,0,9957,40,6110740428,2552,43,42,86200409196
147,884.244746108,1,2251,4,0,4,55,4,18,1,0,0,0,0,0,0,9497,27,5452768523,2154,42,42,81402041284
148,891.223862117,1,2938,4,0,4,55,4,15,1,0,0,0,0,0,0,10400,32,6869040266,3080,41,40,103214265492
149,898.239209581,1,3000,6,0,4,3,4,28,1,0,0,0,0,0,0,11128,44,6831252132,2840,45,43,104865291406
150,903.710360784,1,2189,2,0,0,11,0,24,5,0,1,0,0,0,0,8258,23,5123084392,2158,39,38,81604911814
151,909.385123022,1,2515,2,4,0,14,0,25,1,0,0,0,0,0,0,10293,27,6188530831,2502,56,60,85854260592
152,915.706254063,1,2503,2,0,0,6,0,19,2,0,0,0,0,0,0,10138,42,6367895730,2623,44,45,94186463632
153,921.662991321,1,2421,2,0,2,7,2,10,2,0,0,0,0,0,0,8912,39,5711837166,2261,39,38,92379450774
154,926.904780755,1,1937,2,6,2,7,2,13,2,0,2,0,0,0,0,8205,26,5082013365,2003,39,38,75498778948
155,933.291048003,1,2814,2,0,2,5,2,7,3,0,0,0,0,0,0,10536,40,6507703077,2883,49,51,95566828232
156,938.750973201,1,2322,2,0,2,5,2,7,2,0,0,0,0,0,0,9587,38,5836700610,2461,46,42,81494233936
157,944.236163094,1,2282,2,0,2,8,2,4,2,0,0,0,0,0,1,8416,39,5254545318,2134,40,42,82739309238
158,950.019095082,1,2386,0,1,2,11,2,3,1,0,1,0,0,0,0,9207,36,5481086299,2303,38,39,86536754020
159,955.865453591,1,2524,2,3,2,8,2,10,3,0,0,0,0,0,0,9405,39,6086829808,2592,39,40,87560045518
160,961.55406382,1,2435,16,0,6,27,4,33,1,0,0,0,0,0,0,9567,38,5722318697,2443,47,45,85104213514
161,967.123105958,1,2263,26,0,6,30,6,48,0,0,1,0,0,0,0,9053,30,5701846238,2290,27,29,83928348336
162,972.394972601,1,2287,24,0,7,13,4,41,4,0,0,0,0,0,0,8313,32,5096231212,2168,37,37,78984105650
163,978.130977369,1,2317,11,0,4,9,3,25,0,0,0,0,0,0,6,9273,28,5690535583,2275,50,50,85969283136
164,983.687686633,1,2264,1,1,4,20,1,10,2,0,0,0,0,0,0,9098,32,5517977336,2322,39,36,82644618266
165,989.784789416,1,2478,1,6,1,22,1,10,2,0,1,0,0,0,0,9948,36,6179375962,2555,62,64,91540690284
166,995.952707098,1,2812,0,0,0,6,0,3,4,0,40,25,0,0,0,10552,37,6522041709,2748,41,42,93741775904
1,5.969943854,1,2664,3,0,9,1,5,3,1,0,1,0,0,3,0,9671,28,6038909698,2610,60,58,89609264098
2,11.291663904,1,2219,3,1,3,1,3,3,1,0,0,0,0,9,0,10063,31,6060505698,2660,34,32,78897602934
3,18.629942182,1,3134,3,0,3,6,3,3,1,0,0,0,0,0,0,10118,36,6320965792,2620,48,53,110474895904
4,24.496970947,1,2412,1,0,0,6,0,2,3,0,1,0,0,0,0,9921,38,6093298067,2604,44,43,87791333826
5,30.477898198,1,2554,1,0,0,8,0,2,1,0,0,0,0,0,0,9170,39,5819669112,2513,45,45,89778438222
6,37.150542343,1,2687,1,0,0,9,0,8,3,0,0,0,0,0,0,10325,40,6433293577,2542,35,35,99839633662
7,42.829927578,1,2364,0,4,0,19,0,8,1,0,1,0,0,0,0,10075,43,6515745436,2529,62,62,85393983480
8,50.945356057,1,3622,0,6,0,18,0,8,4,0,0,0,0,0,0,12343,53,7808793512,3642,75,73,120731069534
9,57.04030321,1,2593,2,0,2,13,2,9,0,0,0,0,0,0,0,9766,33,5818110995,2365,35,38,92424611736
10,63.015300781,1,2568,2,0,2,13,2,17,1,63,0,0,0,0,0,9621,41,6116678254,2792,48,46,89924374196
11,67.873768978,1,2215,4,0,2,11,4,18,4,0,1,0,0,0,0,8059,24,4927377093,2155,40,36,71602383886
12,73.885823044,1,2347,2,0,2,11,2,22,0,0,0,0,0,0,0,9237,28,5707772340,2320,35,40,89904813638
13,79.304958876,1,2324,2,1,2,33,2,21,3,0,0,0,0,0,0,9124,30,5466350696,2304,34,33,80883429080
14,85.327638266,1,2588,0,0,2,55,0,20,2,0,1,0,0,0,0,9993,44,6184963462,2635,47,49,90845733402
15,90.765813194,1,2073,0,0,0,37,0,14,1,0,0,0,0,0,0,9273,30,5961318922,2228,40,38,81380248626
16,97.34320527,1,2702,0,0,0,15,0,8,2,0,0,0,0,0,0,9601,36,5929632517,2462,39,41,98569665424
17,103.657636403,1,2653,0,3,0,3,0,8,2,0,0,0,0,0,0,10268,38,6306898429,2610,44,44,94277361994
18,109.309625514,1,2437,0,6,0,5,0,3,3,0,1,0,0,0,0,9238,37,5572526732,2541,59,57,84051646024
19,116.221137761,1,2854,10,1,5,10,4,32,1,0,0,0,0,0,0,10904,46,7012253268,2873,53,52,104057352424
20,121.242654136,1,2114,26,0,5,9,5,56,3,0,1,0,0,0,0,8338,25,5019192709,2002,38,39,75810491256
21,126.517618083,1,2034,28,0,11,11,8,58,0,0,0,0,0,0,0,8362,37,5351477928,2139,39,41,78003140634
22,132.237639617,1,2203,21,0,7,10,5,38,2,0,0,0,0,0,0,9304,33,5611923711,2256,42,38,85747365938
23,138.020619816,1,2595,5,0,7,3,4,14,0,0,1,0,0,0,0,10259,25,6342793924,2728,37,38,86911118212
24,144.892621633,1,2856,3,0,1,3,1,12,2,0,0,0,0,0,0,10810,37,6688875226,2780,43,46,103270655926
25,151.079469699,1,2779,0,1,0,26,0,2,1,0,0,0,0,0,0,9917,28,6091347409,2642,49,47,91947400336
26,157.534949537,1,2479,0,0,0,26,0,4,2,0,0,0,0,0,0,9746,36,6064571963,2314,39,41,97814202336
27,164.198243792,1,2791,0,0,0,11,0,11,1,0,1,0,0,0,0,11548,36,7168235494,3195,55,55,98620627270
28,169.860739108,1,2389,0,9,0,12,0,11,1,0,0,0,0,0,0,7957,33,4925710016,2057,59,51,85005696262
29,175.036727508,1,2324,0,0,0,12,0,9,1,0,0,0,0,0,0,9549,33,5757687182,2426,35,42,77893947038
30,181.003480368,1,2463,2,0,2,17,2,4,4,0,1,0,0,0,0,10033,42,5953332225,2569,41,41,89020860580
31,187.408626308,1,2661,2,1,2,11,2,10,1,0,0,0,0,0,0,9327,28,5920428136,2441,48,47,95620958318
32,193.335117025,1,2460,2,0,2,5,2,10,2,0,0,0,0,0,0,9844,40,6265699504,2647,43,41,89273917712
33,198.829307551,1,2250,10,0,6,21,6,12,1,0,0,0,0,0,0,9008,37,5464534206,2133,26,30,82327081464
34,204.466866155,1,2435,10,0,6,43,6,6,3,0,2,0,0,0,0,9673,32,5919280073,2640,39,38,84331531826
35,210.821285498,1,2756,10,0,6,32,6,6,3,0,1,0,0,0,0,9919,28,6070044482,2626,43,43,95078379708
36,215.897238487,1,2173,0,0,0,10,0,2,2,0,0,0,0,0,0,8501,30,5218935019,2066,40,41,76283881916
37,221.811024871,1,2432,0,0,0,24,0,22,2,0,1,0,0,0,0,8798,37,5583486430,2411,36,35,88353870802
38,227.202202117,1,2295,2,7,0,25,0,22,3,0,0,0,0,0,0,9617,36,5973667807,2516,64,64,80773086918
1,5.016381618,1,2082,2,0,2,1,2,2,0,0,1,0,0,3,0,9483,28,5803426432,2308,25,28,75074970784
1,6.193352508,1,2640,2,0,2,0,2,2,0,0,0,0,0,5,0,10377,39,6389375905,2808,39,41,92828965186
2,12.089155221,1,2562,0,1,0,0,0,0,1,0,0,0,0,10,0,9615,30,5849713313,2514,31,29,88226728578
3,18.685195895,1,2915,0,9,0,6,0,0,1,0,1,0,0,0,0,11189,41,6922394479,2934,62,63,98389530732
4,25.04886,1,2565,1,0,0,6,0,2,4,0,1,0,0,0,0,8944,27,5586129898,2409,50,49,95272654524
5,30.591291945,1,2361,4,3,0,122,0,3,2,0,7,7,0,0,0,9289,35,5716508918,2412,41,42,83472659452
6,37.496231494,1,2978,25,0,2,122,4,46,1,0,0,0,0,0,0,11539,37,6955462458,2961,36,35,102957454544
7,43.059872598,1,2473,24,1,7,18,4,127,1,0,1,0,0,0,0,10455,30,6463424672,2798,39,41,83765671382
8,49.709586513,1,2634,21,0,7,18,4,126,4,0,1,0,0,0,0,8877,41,5636209891,2244,51,51,99075869442
9,54.460472073,1,1996,0,0,5,19,0,89,1,0,0,0,0,0,0,8429,21,4999331171,1890,30,29,71527030886
10,59.897231329,1,2297,2,0,2,19,2,23,0,0,0,0,0,0,0,10258,37,6356748007,2608,42,43,80991577794
11,67.596047372,1,2934,2,0,2,5,2,23,3,0,1,0,0,0,0,10144,54,6619533722,2749,47,43,115167477068
12,73.176086429,1,2479,2,0,2,5,2,17,1,0,0,0,0,0,0,9356,36,5784035690,2531,47,50,84789208850
13,79.199945099,1,2565,17,4,8,24,7,23,2,0,0,0,0,0,0,9870,25,5982758763,2658,46,45,89664864152
14,85.455214302,1,2713,17,0,8,25,7,23,1,0,0,0,0,0,0,9821,30,6062210177,2532,35,36,93806337470
15,90.884053059,1,2201,17,0,8,17,7,23,3,0,1,0,0,0,0,9251,29,5707134769,2285,46,46,81090757204
16,96.140597856,1,2279,0,3,0,16,0,3,2,0,0,0,0,0,0,8398,29,5182464854,2323,39,37,78731207792
17,102.60105436,1,2916,0,0,0,9,0,3,1,0,0,0,0,0,0,11457,40,7146131428,2991,39,41,103655129658
18,108.530311363,1,2346,0,0,0,9,0,3,2,0,1,0,0,0,0,9045,31,5518227483,2260,36,36,83535478750
19,114.809593046,1,2579,3,1,1,8,1,21,2,0,0,0,0,0,0,9652,32,5993164257,2513,41,41,93226312592
20,121.095142014,1,2521,5,0,3,13,3,23,3,0,0,0,0,0,0,10953,40,6851284985,2767,41,40,93487341088
21,128.266942095,1,2913,7,0,3,11,5,34,0,0,0,0,0,0,0,9999,38,6368890321,2667,44,46,107680321644
22,133.572669978,1,2358,4,3,4,6,4,16,2,0,1,0,0,0,0,10198,26,6217592681,2660,37,36,79075406398
23,140.170121274,1,2676,4,6,2,8,4,15,1,0,0,0,0,0,0,9669,34,5892645287,2411,49,41,98892508100
24,145.926914636,1,2447,2,0,4,19,2,4,3,0,0,0,0,0,6,9723,30,5890223320,2531,33,42,85685546648
25,151.674803973,1,2407,5,1,3,36,3,10,1,0,0,0,0,0,0,9034,41,5749977080,2392,48,45,85823636668
26,157.34436,1,2453,3,0,3,25,1,9,3,0,1,0,0,0,0,9861,27,5987069891,2589,33,35,85798778848
27,164.075744766,1,2951,3,3,1,12,1,9,0,0,0,0,0,0,0,11583,46,7258768062,3021,47,46,100455254982
28,170.741466236,1,2676,0,0,0,12,0,7,0,0,0,0,0,0,0,9987,45,6200034041,2375,46,46,99804980802
29,176.862185783,1,2621,0,0,0,14,0,7,3,0,1,0,0,0,0,9340,31,5730181540,2621,32,32,92253365016
30,183.422104336,1,2771,0,0,0,14,0,15,0,0,0,0,0,0,0,10294,30,6424794916,2724,46,47,97916504814
31,189.499587443,1,2534,2,1,2,19,2,13,3,0,0,0,0,0,0,9830,34,6160442670,2550,42,43,91152003236
32,196.002792067,1,2648,2,3,2,19,2,13,3,0,4,0,0,1,0,10253,40,6383040789,2646,50,46,97851727398
33,201.761749595,1,2273,2,0,2,5,2,10,3,0,1,0,0,0,0,10435,42,6571852657,2610,43,46,84938636204
34,209.567305269,1,3315,8,0,4,5,4,10,0,0,0,0,0,0,0,12071,36,7503290654,3207,55,56,117719304250
35,215.156992455,1,2366,8,0,4,8,4,18,1,0,0,0,0,0,0,8302,29,4961041901,2157,32,30,83486946346
36,220.545454098,1,2242,15,0,6,9,5,17,2,0,1,0,0,0,0,8983,30,5646085294,2310,33,32,80920469990
37,226.424555553,1,2481,9,1,2,26,1,34,2,0,0,0,0,0,0,8713,34,5413882820,2289,32,35,88330008204
38,232.056917888,1,2326,9,3,2,25,1,26,1,0,0,0,0,0,0,10157,34,6251772487,2492,48,47,84985680238
39,237.749056807,1,2238,2,0,0,19,0,31,1,0,0,0,0,0,0,8838,38,5577146642,2237,32,32,84351542016
40,246.028366827,1,3417,0,0,0,22,0,11,2,0,1,0,0,0,0,12946,43,8279540697,3480,59,56,123635419714
41,251.828910194,1,2326,0,0,0,6,0,11,2,0,0,0,0,0,0,9880,32,6046717229,2302,40,43,86808357348
42,258.17354667,1,2625,2,10,0,3,2,4,2,0,0,0,0,0,0,9502,46,5942002085,2630,43,43,94790204904
43,264.476807275,1,2419,2,0,2,43,2,11,2,0,1,0,0,0,0,9858,39,6131945188,2324,42,43,94131851764
44,269.924302114,1,2125,2,0,2,43,2,11,3,0,0,0,0,0,0,9156,39,5865970254,2275,49,48,82252108298
45,276.01857773,1,2470,2,0,2,3,2,10,0,0,0,0,0,0,1,8693,37,5460262502,2130,30,30,92233351984
46,281.214322779,1,2060,12,0,5,3,4,24,1,0,0,0,0,0,0,8997,34,5638038056,2280,32,33,76951673628
47,286.893874849,1,2285,12,0,5,11,4,24,2,0,1,0,0,0,0,8944,37,5530339652,2247,35,34,84573087786
48,291.708384302,1,1983,10,0,5,11,2,23,2,0,0,0,0,0,0,7855,27,4814241855,1989,28,29,74050514968
49,296.6406787,1,1917,0,4,0,22,0,3,1,0,0,0,0,0,0,7693,30,4768923584,1936,44,43,72171632584
50,301.656311394,1,1967,0,0,0,22,0,3,2,0,0,0,0,0,0,8532,34,5300896501,2027,36,34,74906764884
51,307.029899188,1,2296,1,0,1,15,1,8,2,0,1,0,0,0,0,9111,23,5679158601,2283,33,34,80500475134
52,313.328402086,1,2393,1,0,1,26,1,7,1,0,0,0,0,0,0,8675,35,5566292210,2249,37,39,94269823710
53,319.137740293,1,2330,1,3,1,14,1,9,2,0,0,0,0,0,0,10151,44,6321585408,2651,47,47,87177528020
54,326.477940606,1,3242,2,0,2,5,2,9,0,0,0,0,0,0,0,12432,48,7792353056,3124,49,44,110177264148
55,332.231848234,1,2319,4,1,2,9,2,24,3,0,1,0,0,0,0,8430,27,5213522130,2282,39,44,86160733334
56,337.819721775,1,2243,14,0,8,7,8,26,2,0,0,0,0,0,0,9360,25,5609730336,2221,36,35,83759463884
57,343.195739037,1,2331,12,0,6,10,6,26,3,0,1,0,0,0,0,9581,41,6083578194,2537,41,42,81027287492
58,349.667124848,1,2615,10,0,6,15,6,21,1,0,0,0,0,0,0,10208,44,6283049968,2705,39,36,96152447580
59,355.34748709,1,2401,0,0,0,8,0,17,1,0,0,0,0,0,0,8326,29,5205062428,2129,36,39,85538795772
60,361.482877721,1,2490,0,1,0,17,0,15,2,0,0,0,0,0,0,9406,34,5847039294,2420,45,39,91090056446
61,367.123333291,1,2331,0,3,0,30,0,5,3,63,1,0,0,0,0,9611,41,5803688078,2379,52,58,84692800142
62,373.943321454,1,2601,0,0,0,22,0,5,3,0,0,0,0,0,0,10475,55,6877483445,2589,47,45,102102601128
63,379.647354434,1,2175,0,9,0,37,0,2,2,0,0,0,0,0,0,9391,37,5754413142,2248,50,50,85554577542
64,386.59440279,1,3053,2,0,2,32,2,9,1,0,1,0,0,0,0,13049,45,8280587757,3392,53,52,104403011968
65,393.97829468,1,2980,23,0,8,9,5,45,2,0,0,0,0,0,0,8871,38,5729434819,2545,46,49,110498964952
66,400.20298639,1,2615,25,1,8,13,5,46,2,0,0,0,0,0,0,10487,36,6511034645,2689,51,48,92917935772
67,406.579032776,1,2632,26,0,9,8,6,40,2,0,0,0,0,0,0,9799,25,6027447761,2508,42,44,95332011628
68,413.264701316,1,3011,5,0,3,3,3,4,2,0,1,0,0,0,0,11622,44,7029052773,3139,52,53,101458340010
69,418.486799393,1,2118,3,0,3,9,3,3,2,0,0,0,0,0,0,8070,25,5044389890,2026,39,38,76896638982
70,423.590670621,1,2092,0,0,0,9,0,11,0,0,1,0,0,0,0,8717,28,5136408003,2099,25,26,76062927026
71,429.126744377,1,2304,0,4,0,8,0,11,2,0,0,0,0,0,0,8379,36,5465390977,2312,42,36,83582876844
72,435.371093262,1,2694,0,250,0,26,0,11,1979,979,1959,1400,0,0,0,10223,30,6260693818,2640,60,66,93405633502
73,441.324177903,1,2877,2,92,0,20,0,20,2,0,0,0,0,3825,0,9963,56,5887532135,2844,225,225,88845666260
74,446.770087794,1,2127,2,0,0,23,0,20,1,0,0,0,0,0,0,8764,38,5598758879,2269,36,34,81421759724
75,452.396095091,1,2379,4,0,0,27,2,22,1,0,1,0,0,0,0,8256,26,5095183769,2165,33,35,84435099462
76,457.777668037,1,2386,2,0,2,6,2,14,2,0,0,0,0,0,0,9859,32,6015991237,2553,43,39,81493498324
77,463.377772805,1,2334,2,1,2,15,2,15,2,0,0,0,0,0,0,9279,24,5726225823,2433,39,41,83806429914
78,469.798159474,1,2595,17,1,10,15,7,28,2,0,1,1,0,0,6,11646,46,7276486613,2811,47,48,95178616244
79,477.209267509,1,2899,17,0,8,6,7,18,1,0,2,0,0,0,0,9943,38,6305937146,2685,52,52,111002801064
80,483.778008764,1,2845,17,3,8,6,7,19,3,63,0,0,0,1,0,11636,42,7283571558,3033,57,54,98287601546
81,490.405934587,1,2797,0,0,0,9,0,11,1,0,0,0,0,0,0,9810,30,6038340811,2506,41,43,99186365378
82,496.795524579,1,2534,1,6,1,30,1,11,3,0,1,0,0,0,0,9258,35,5880108805,2348,46,46,96061095770
83,502.70019636,1,2424,1,1,1,59,1,9,2,0,0,0,0,2,0,9737,38,6030536772,2617,60,59,88467551524
84,506.971366234,1,1691,1,0,1,38,1,2,1,0,0,0,0,0,0,7073,21,4252718072,1580,25,25,63537001778
85,512.479526191,1,2272,2,0,2,13,2,10,1,0,0,0,0,0,0,9198,35,5880855189,2378,47,48,84367240122
86,517.987503241,1,2161,2,0,2,13,2,15,3,0,1,0,0,0,0,9054,34,5590729366,2105,36,38,81032278494
87,523.733579075,1,2341,2,3,2,11,2,15,1,0,0,0,0,0,0,8962,27,5531507252,2410,39,39,85603204236
88,529.939059483,1,2494,5,0,2,11,3,9,1,0,0,0,0,0,0,10171,39,6241010938,2416,44,44,93717279446
89,535.775637792,1,2673,5,1,3,3,3,4,1,0,0,0,0,0,0,9820,34,6111207367,2724,51,50,87882292164
90,541.829758731,1,2364,7,0,3,3,3,26,2,0,1,0,0,0,0,9230,35,5783697438,2369,38,38,89735338414
91,547.107269552,1,2175,2,0,1,7,0,25,0,0,0,0,0,0,0,8904,38,5486715410,2172,39,39,78944576904
92,553.101284125,1,2444,2,0,0,10,0,25,1,0,0,0,0,0,0,9223,33,5681740298,2408,33,34,90082877818
93,559.396610127,1,2667,0,6,0,9,0,7,1,0,0,0,0,0,0,10021,39,6317729608,2622,45,45,94068135804
94,564.732878725,1,2123,10,1,2,6,3,36,3,0,1,0,0,0,0,10032,33,6263868718,2442,43,39,80588307874
95,571.649062482,1,2857,10,0,2,19,3,36,1,0,0,0,0,0,0,10492,33,6599668476,2855,58,58,103299574732
96,577.629065758,1,2448,12,0,4,19,5,34,3,0,0,0,0,0,0,8737,32,5531555700,2299,37,40,89839225042
97,584.49692531,1,2917,2,0,2,20,2,8,1,0,1,0,0,0,0,11342,50,6954770196,2919,50,49,101925280364
98,590.429385566,1,2288,10,0,2,25,2,11,1,0,0,0,0,0,0,8865,36,5648402069,2251,41,43,88928906462
99,596.146533151,1,2304,13,0,4,17,4,23,2,0,0,0,0,0,0,9815,31,6045838309,2343,40,40,86446415772
100,601.886218384,1,2464,13,1,4,12,4,19,2,0,0,0,0,0,0,9051,29,5450126128,2250,43,41,85476588032
101,607.963943897,1,2493,5,3,4,5,4,16,2,0,1,0,0,0,0,10143,43,6479740566,2717,48,48,90692164598
102,613.580958226,1,2301,0,0,0,6,0,9,2,0,0,0,0,0,0,8925,29,5450881801,2199,38,39,84657833668
103,619.469494513,1,2388,0,6,0,9,0,10,1,0,0,0,0,0,0,9056,38,5826024716,2256,49,48,89447161326
104,625.967943958,1,2458,0,0,0,19,0,10,1,0,0,0,0,0,0,10265,42,6423873399,2527,44,44,96093151486
105,632.365574391,1,2695,0,0,0,20,0,3,3,0,1,0,0,0,0,10251,37,6306538865,2702,51,53,95529703596
106,638.040545248,1,2434,2,1,0,14,0,9,3,0,1,0,0,0,0,9424,33,5734476709,2528,42,41,85650432344
107,643.094133886,1,2082,4,0,2,10,2,25,1,0,0,0,0,0,0,7920,29,4888561693,2025,40,40,74826196104
108,649.173993573,1,2490,4,0,2,30,2,25,1,0,0,0,0,0,0,10301,42,6377087632,2530,34,33,91260871078
109,655.728186503,1,2690,4,0,2,29,4,19,2,0,1,0,0,0,0,10680,45,6756302803,2773,46,47,97790717082
110,661.664386362,1,2358,12,3,2,4,2,25,2,0,0,0,0,0,0,9031,27,5468386327,2241,44,44,89591404132
111,667.872231089,1,2529,12,0,5,11,4,25,0,0,0,0,0,0,0,10340,36,6597484853,2643,32,32,92667727498
112,674.682506733,1,2797,10,7,5,11,2,25,2,0,0,0,0,0,0,11308,44,7081193782,2895,49,49,102304072424
113,680.363540192,1,2343,1,0,3,9,2,3,2,0,1,0,0,0,0,7940,27,4897728364,2040,53,53,84566169966
114,685.943193275,1,2249,1,0,1,9,1,3,3,0,0,0,0,0,0,10437,44,6587316739,2507,52,51,83892735854
115,693.275590905,1,3147,1,0,1,5,1,14,2,0,0,0,0,0,0,10506,31,6590369217,3037,54,54,109431192698
116,699.319918792,1,2503,0,0,1,5,1,14,2,0,1,0,0,0,0,9273,31,5744075515,2316,36,38,90940435272
117,704.353302688,1,2157,2,1,0,8,0,16,3,0,0,0,0,0,0,8350,25,5194672907,2200,41,41,75553821314
118,709.495882202,1,2105,2,3,2,8,2,5,1,0,0,0,0,0,0,8704,34,5337601195,2168,39,38,76437104464
119,714.741531086,1,2108,2,0,2,29,2,5,1,0,0,0,0,0,0,9206,34,5548173036,2297,38,38,78834512750
120,721.179737558,1,2641,8,0,6,40,6,6,2,0,0,0,0,0,0,8634,42,5404833459,2318,41,38,96283000982
121,726.178347168,1,2119,8,0,4,24,4,13,2,0,1,0,0,0,0,9065,38,5597593412,2220,40,44,74975061166
122,732.599578804,1,2517,8,0,4,13,4,13,2,0,0,0,0,0,0,11564,46,7240160427,2886,39,39,95947060538
123,738.795595985,1,2676,21,7,6,11,3,51,1,0,0,0,0,1,0,8328,35,5178604376,2267,60,59,93342483914
124,743.719467054,1,1952,23,0,6,44,3,57,2,63,1,0,0,0,0,9057,38,5539509403,2200,40,41,73425380822
125,749.389104701,1,2180,23,0,6,41,3,57,1,0,0,0,0,0,0,7783,37,5033478118,1898,30,29,84699334948
126,754.206643534,1,1969,2,3,0,8,0,25,2,0,0,0,0,0,0,8735,35,5417163252,2129,50,45,73092396846
127,759.852764516,1,2131,0,0,0,4,0,11,0,0,0,0,0,0,0,8834,35,5452990573,2204,30,35,83714210594
128,765.687527143,1,2393,2,0,2,9,2,13,3,0,0,0,0,0,0,9789,37,6141298632,2398,51,50,87786748802
129,771.630605165,1,2297,2,0,2,10,2,4,2,0,1,0,0,0,0,8799,29,5595442136,2239,39,39,88641295200
130,777.32467463,1,2582,4,1,2,19,4,10,1,0,0,0,0,0,0,9573,28,5785062358,2575,40,41,85612811870
131,782.747323365,1,2246,5,0,2,27,2,9,2,0,0,0,0,0,0,8619,27,5328253672,2211,35,36,81208186520
132,788.963194137,1,2497,5,0,3,17,3,9,3,0,1,0,0,0,0,10578,37,6403471319,2654,49,46,93271809680
133,795.299097538,1,2735,3,6,3,11,1,3,0,0,0,0,0,0,0,9307,31,5910835856,2448,46,49,93988890040
134,801.347083836,1,2557,0,0,1,7,1,2,0,0,0,0,0,0,6,10371,31,6380051867,2717,47,47,91758851248
135,807.930833526,1,2641,0,0,0,9,0,2,2,0,1,0,0,0,0,10474,46,6836345530,2847,57,57,99189979238
136,813.476711485,1,2378,0,4,0,9,0,7,3,0,0,0,0,0,0,7963,22,4848920950,2036,45,45,81525284116
137,817.747802273,1,1832,0,0,0,14,0,7,1,0,0,0,0,0,0,8242,27,5000556018,2009,41,39,64356986136
138,824.022896363,1,2732,0,0,0,14,0,10,2,0,0,0,0,0,0,10203,38,6325589242,2779,40,41,93506762336
139,830.22465647,1,2395,2,0,0,4,2,8,2,0,1,0,0,0,0,8716,29,5252471944,2167,34,32,92860400622
140,836.034760316,1,2427,2,0,2,4,2,8,1,0,0,0,0,0,0,10090,35,6367129155,2588,45,47,87000850934
141,841.684550462,1,2484,2,0,2,37,2,5,3,0,0,0,0,0,0,8957,18,5344571325,2409,39,40,84995587752
142,846.650032645,1,1942,0,1,2,37,0,10,0,0,0,0,0,0,0,7781,31,4888905245,1857,35,35,73849551942
143,852.444926725,1,2634,15,0,6,3625,5,25,0,0,1,0,0,0,0,10193,27,6251695803,2817,47,46,87571130344
144,858.2337541,1,2480,17,6,6,4791,5,38,4,0,0,0,0,0,0,8676,29,5344088914,2316,54,55,86535861346
145,863.722828364,1,2209,17,0,6,1198,5,31,1,0,0,0,0,0,1,9464,41,5844956000,2417,40,37,81430127084
146,869.801866882,1,2707,2,0,0,32,0,16,1,0,0,0,0,0,0,9961,34,6066238378,2699,33,36,91602109782
147,876.574511411,1,2887,1,3,1,6,1,8,3,0,1,0,0,0,0,11250,41,6902335099,2895,59,57,101708043824
148,882.114475183,1,2315,1,2,1,6,1,16,2,0,0,0,0,0,0,8042,20,5007240765,2156,38,36,82319492298
149,889.051326016,1,3087,1,0,1,8,1,16,2,0,0,0,0,0,0,12323,38,7609520552,3238,64,66,104064819590
150,894.964343141,1,2440,0,0,0,8,0,11,2,0,1,0,0,0,0,10387,33,6399484362,2589,50,43,88950042088
151,901.508363647,1,2865,0,0,0,5,0,3,2,0,0,0,0,0,0,9945,41,6165521017,2845,41,50,98631781872
152,907.738245973,1,2645,0,0,0,5,0,3,1,0,0,0,0,0,0,9520,26,5800907392,2498,44,44,92194208168
153,913.617489571,1,2480,2,0,2,35,2,9,3,0,0,0,0,0,0,9905,44,6024001556,2520,44,42,88005108204
154,919.860022408,1,2770,2,7,2,35,2,8,1,0,1,0,0,0,0,9168,30,5680266837,2604,70,68,93804917668
155,925.888148742,1,2524,2,3,2,102,2,9,2,0,0,0,0,0,0,10696,53,6806029249,2512,55,58,90939036746
156,933.126090997,1,2801,9,0,4,103,3,20,0,0,0,0,0,0,0,11296,48,7058128941,2843,37,38,107565799432
157,939.67979371,1,2536,9,0,4,6,3,21,4,0,1,0,0,0,0,9868,42,6439442402,2587,59,55,98289153226
158,946.414918176,1,2907,9,0,4,21,3,20,1,0,0,0,0,0,0,10869,32,6844786123,2845,48,52,100804801758
159,951.889935362,1,2064,0,0,0,27,0,8,2,0,0,0,0,0,0,8467,33,5285085850,2112,40,35,82333088030
160,957.817992852,1,2709,0,1,0,11,0,9,0,0,1,0,0,0,0,10187,30,6117083753,2658,39,42,89341632634
161,963.749935025,1,2352,0,0,0,8,0,9,3,0,1,0,0,0,0,8387,33,5420036141,2234,41,43,88187748048
162,970.197933631,1,2642,5,0,1,11,1,31,3,0,0,0,0,0,0,11665,40,6941759579,2850,50,48,96403497854
163,976.369898212,1,2637,7,6,3,31,3,31,1,0,0,0,0,0,0,9000,32,5735602451,2566,45,47,91954466040
164,982.345791639,1,2488,7,0,3,28,3,31,3,0,1,0,0,0,0,10204,30,6353701137,2489,48,48,90129654948
165,988.433800464,1,2468,2,4,2,28,2,4,2,0,0,0,0,0,0,9184,45,5767566915,2372,44,44,91276859034
166,993.284277994,1,2182,8,0,4,28,4,10,2,0,1,0,0,0,0,8891,27,5175171788,2183,51,51,72652625064
167,999.2616904,1,2454,8,0,4,7,4,10,3,0,42,25,0,0,0,9478,33,6091160329,2582,53,46,89961863464
1,5.613564675,1,2543,0,0,0,0,0,0,2,0,44,26,0,3,0,10697,24,6398207162,2751,41,42,85356960004
1,2.933459094,1,1395,95,3,39,13,37,70,0,0,0,0,0,298,1,7301,28,4155975335,1641,84,85,44987686050
2,8.498088929,1,2362,7,1,2,11,1,12,3,0,39,25,0,10,0,8908,32,5659266828,2466,34,34,83505566688
